{"cameraMode":{"drawMode":0,"name":"Shaded","section":"Shading Mode"},"sceneLighting":true,"audioPlay":false,"sceneViewState":{"m_AlwaysRefresh":false,"showFog":true,"showSkybox":true,"showFlares":true,"showImageEffects":true,"showParticleSystems":true,"showVisualEffectGraphs":true,"m_FxEnabled":true},"in2DMode":false,"pivot":{"x":-13.748103141784668,"y":-12.2445068359375,"z":0.9191055297851563},"rotation":{"x":-0.27311715483665469,"y":-0.00373591179959476,"z":0.0011380064534023405,"w":-0.9620591998100281},"size":31.054546356201173,"orthographic":false}